{"cameraMode":{"drawMode":0,"name":"Shaded","section":"Shading Mode"},"sceneLighting":false,"audioPlay":false,"sceneViewState":{"m_AlwaysRefresh":false,"showFog":true,"showSkybox":false,"showFlares":true,"showImageEffects":true,"showParticleSystems":true,"showVisualEffectGraphs":true,"m_FxEnabled":true},"in2DMode":false,"pivot":{"x":40.057308197021487,"y":-1.4344102144241334,"z":129.19398498535157},"rotation":{"x":0.08394727110862732,"y":0.8690691590309143,"z":-0.15814357995986939,"w":0.46132147312164309},"size":7.071067810058594,"orthographic":false}