{"cameraMode":{"drawMode":0,"name":"Shaded","section":"Shading Mode"},"sceneLighting":true,"audioPlay":false,"sceneViewState":{"m_AlwaysRefresh":false,"showFog":true,"showSkybox":true,"showFlares":true,"showImageEffects":true,"showParticleSystems":true,"showVisualEffectGraphs":true,"m_FxEnabled":true},"in2DMode":false,"pivot":{"x":860.7952270507813,"y":69.98775482177735,"z":1.2818589210510255},"rotation":{"x":-0.1966993808746338,"y":-0.010003646835684777,"z":0.002010137075558305,"w":-0.9804134964942932},"size":143.36277770996095,"orthographic":false}