{"cameraMode":{"drawMode":0,"name":"Shaded","section":"Shading Mode"},"sceneLighting":true,"audioPlay":false,"sceneViewState":{"m_AlwaysRefresh":false,"showFog":true,"showSkybox":true,"showFlares":true,"showImageEffects":true,"showParticleSystems":true,"showVisualEffectGraphs":true,"m_FxEnabled":true},"in2DMode":false,"pivot":{"x":3.3474502563476564,"y":5.316568374633789,"z":160.23468017578126},"rotation":{"x":0.2709428071975708,"y":-0.0788327306509018,"z":0.022241897881031038,"w":0.9591380953788757},"size":1.1479629278182984,"orthographic":false}