{"cameraMode":{"drawMode":0,"name":"Shaded","section":"Shading Mode"},"sceneLighting":true,"audioPlay":false,"sceneViewState":{"m_AlwaysRefresh":false,"showFog":true,"showSkybox":true,"showFlares":true,"showImageEffects":true,"showParticleSystems":true,"showVisualEffectGraphs":true,"m_FxEnabled":true},"in2DMode":false,"pivot":{"x":428.1567077636719,"y":-0.15104204416275025,"z":154.88076782226563},"rotation":{"x":0.21949253976345063,"y":0.6841934323310852,"z":-0.22863470017910005,"w":0.6568353772163391},"size":341.19061279296877,"orthographic":false}