{"cameraMode":{"drawMode":0,"name":"Shaded","section":"Shading Mode"},"sceneLighting":true,"audioPlay":false,"sceneViewState":{"m_AlwaysRefresh":false,"showFog":true,"showSkybox":true,"showFlares":true,"showImageEffects":true,"showParticleSystems":true,"showVisualEffectGraphs":true,"m_FxEnabled":true},"in2DMode":false,"pivot":{"x":23.479263305664064,"y":0.9165446758270264,"z":15.181401252746582},"rotation":{"x":0.14253123104572297,"y":0.7331262826919556,"z":-0.16201813519001008,"w":0.644949734210968},"size":29.14521598815918,"orthographic":false}