{"cameraMode":{"drawMode":0,"name":"Shaded","section":"Shading Mode"},"sceneLighting":true,"audioPlay":false,"sceneViewState":{"m_AlwaysRefresh":false,"showFog":true,"showSkybox":true,"showFlares":true,"showImageEffects":true,"showParticleSystems":true,"showVisualEffectGraphs":true,"m_FxEnabled":true},"in2DMode":false,"pivot":{"x":257.42041015625,"y":327.0848693847656,"z":-3.8875579833984377},"rotation":{"x":0.05238254740834236,"y":-0.05958619341254234,"z":0.003130921395495534,"w":0.9968433976173401},"size":200.70547485351563,"orthographic":false}