{"cameraMode":{"drawMode":0,"name":"Shaded","section":"Shading Mode"},"sceneLighting":true,"audioPlay":false,"sceneViewState":{"m_AlwaysRefresh":false,"showFog":true,"showSkybox":true,"showFlares":true,"showImageEffects":true,"showParticleSystems":true,"showVisualEffectGraphs":true,"m_FxEnabled":true},"in2DMode":false,"pivot":{"x":40.91904067993164,"y":-0.9953733086585999,"z":164.27955627441407},"rotation":{"x":0.2218906134366989,"y":0.47732430696487429,"z":-0.12595674395561219,"w":0.8408710360527039},"size":11.854644775390625,"orthographic":false}