{"cameraMode":{"drawMode":0,"name":"Shaded","section":"Shading Mode"},"sceneLighting":true,"audioPlay":false,"sceneViewState":{"m_AlwaysRefresh":false,"showFog":true,"showSkybox":true,"showFlares":true,"showImageEffects":true,"showParticleSystems":true,"showVisualEffectGraphs":true,"m_FxEnabled":true},"in2DMode":false,"pivot":{"x":77.83602905273438,"y":22.464675903320314,"z":161.21841430664063},"rotation":{"x":0.1034737080335617,"y":-0.8344060182571411,"z":0.16765841841697694,"w":0.5147882103919983},"size":17.613191604614259,"orthographic":false}