{"cameraMode":{"drawMode":0,"name":"Shaded","section":"Shading Mode"},"sceneLighting":true,"audioPlay":false,"sceneViewState":{"m_AlwaysRefresh":false,"showFog":true,"showSkybox":true,"showFlares":true,"showImageEffects":true,"showParticleSystems":true,"showVisualEffectGraphs":true,"m_FxEnabled":true},"in2DMode":false,"pivot":{"x":10.50553035736084,"y":2.191958427429199,"z":11.803693771362305},"rotation":{"x":0.35962462425231936,"y":-0.20197807252407075,"z":0.08004488050937653,"w":0.9074653387069702},"size":11.42562484741211,"orthographic":false}