{"cameraMode":{"drawMode":0,"name":"Shaded","section":"Shading Mode"},"sceneLighting":true,"audioPlay":false,"sceneViewState":{"m_AlwaysRefresh":false,"showFog":true,"showSkybox":true,"showFlares":true,"showImageEffects":true,"showParticleSystems":true,"showVisualEffectGraphs":true,"m_FxEnabled":true},"in2DMode":false,"pivot":{"x":15.531388282775879,"y":0.1233680322766304,"z":161.3724365234375},"rotation":{"x":0.20401565730571748,"y":0.6764857172966003,"z":-0.20364753901958466,"w":0.6777170896530151},"size":9.801548957824707,"orthographic":false}