{"cameraMode":{"drawMode":0,"name":"Shaded","section":"Shading Mode"},"sceneLighting":true,"audioPlay":false,"sceneViewState":{"m_AlwaysRefresh":false,"showFog":true,"showSkybox":true,"showFlares":true,"showImageEffects":true,"showParticleSystems":true,"showVisualEffectGraphs":true,"m_FxEnabled":true},"in2DMode":false,"pivot":{"x":3.199449062347412,"y":-0.12469082325696945,"z":1.4952236413955689},"rotation":{"x":0.19510473310947419,"y":0.12495885789394379,"z":-0.025070423260331155,"w":0.9724663496017456},"size":17.932703018188478,"orthographic":false}