{"cameraMode":{"drawMode":0,"name":"Shaded","section":"Shading Mode"},"sceneLighting":true,"audioPlay":false,"sceneViewState":{"m_AlwaysRefresh":false,"showFog":true,"showSkybox":true,"showFlares":true,"showImageEffects":true,"showParticleSystems":true,"showVisualEffectGraphs":true,"m_FxEnabled":true},"in2DMode":false,"pivot":{"x":160.3646697998047,"y":31.265560150146486,"z":-18.63814353942871},"rotation":{"x":0.19510473310947419,"y":0.12495885789394379,"z":-0.025070423260331155,"w":0.9724663496017456},"size":98.39212799072266,"orthographic":false}