{"cameraMode":{"drawMode":0,"name":"Shaded","section":"Shading Mode"},"sceneLighting":true,"audioPlay":false,"sceneViewState":{"m_AlwaysRefresh":false,"showFog":true,"showSkybox":true,"showFlares":true,"showImageEffects":true,"showParticleSystems":true,"showVisualEffectGraphs":true,"m_FxEnabled":true},"in2DMode":false,"pivot":{"x":7.965699195861816,"y":12.199037551879883,"z":167.57693481445313},"rotation":{"x":0.29729902744293215,"y":0.6426286697387695,"z":-0.2985524833202362,"w":0.6399498581886292},"size":14.548284530639649,"orthographic":false}