{"cameraMode":{"drawMode":0,"name":"Shaded","section":"Shading Mode"},"sceneLighting":false,"audioPlay":false,"sceneViewState":{"m_AlwaysRefresh":false,"showFog":false,"showSkybox":false,"showFlares":false,"showImageEffects":false,"showParticleSystems":false,"showVisualEffectGraphs":true,"m_FxEnabled":true},"in2DMode":false,"pivot":{"x":-0.000005326233804225922,"y":0.0038444329984486105,"z":0.00003023806493729353},"rotation":{"x":0.02586020529270172,"y":0.9741138219833374,"z":-0.15501314401626588,"w":0.162504643201828},"size":0.006161301862448454,"orthographic":false}