{"cameraMode":{"drawMode":0,"name":"Shaded","section":"Shading Mode"},"sceneLighting":false,"audioPlay":false,"sceneViewState":{"m_AlwaysRefresh":false,"showFog":true,"showSkybox":false,"showFlares":true,"showImageEffects":true,"showParticleSystems":true,"showVisualEffectGraphs":true,"m_FxEnabled":true},"in2DMode":false,"pivot":{"x":-0.053360044956207278,"y":1.3508516550064088,"z":-0.10020945966243744},"rotation":{"x":0.07298556715250015,"y":0.8854247331619263,"z":-0.14879973232746125,"w":0.43427932262420657},"size":1.5883558988571168,"orthographic":false}