{"cameraMode":{"drawMode":0,"name":"Shaded","section":"Shading Mode"},"sceneLighting":false,"audioPlay":false,"sceneViewState":{"m_AlwaysRefresh":false,"showFog":true,"showSkybox":false,"showFlares":true,"showImageEffects":true,"showParticleSystems":true,"showVisualEffectGraphs":true,"m_FxEnabled":true},"in2DMode":false,"pivot":{"x":3.631394863128662,"y":5.01802396774292,"z":2.2041707038879396},"rotation":{"x":0.0000025949968858185459,"y":0.9924014806747437,"z":-0.12318861484527588,"w":-8.003930247468816e-7},"size":2.47761607170105,"orthographic":false}