{"cameraMode":{"drawMode":0,"name":"Shaded","section":"Shading Mode"},"sceneLighting":false,"audioPlay":false,"sceneViewState":{"m_AlwaysRefresh":false,"showFog":false,"showSkybox":false,"showFlares":false,"showImageEffects":false,"showParticleSystems":false,"showVisualEffectGraphs":true,"m_FxEnabled":true},"in2DMode":false,"pivot":{"x":0.2075902819633484,"y":0.002092599868774414,"z":0.19709007441997529},"rotation":{"x":0.18554997444152833,"y":0.7109499573707581,"z":-0.2039056122303009,"w":0.6469496488571167},"size":0.3787212371826172,"orthographic":false}